instance,method,status,objective,relative_error,iterations,cuts,time_s,alloc_MB
"farmer, S = 100","extensive form (HiGHS)",OPTIMAL,-110911.4817462744,0.0,0,0,0.010241218,2.3589553833007812
"farmer, S = 100","LShaped.jl, single-cut",converged,-110911.43134446432,4.544327537859262e-7,19,18,0.163202288,9.422584533691406
"farmer, S = 100","LShaped.jl, single-cut, drop 5",converged,-110911.43134446432,4.544327537859262e-7,19,18,0.165919286,9.610450744628906
"farmer, S = 100","LShaped.jl, single-cut, from x̄",converged,-110911.4313444643,4.5443275391712917e-7,18,17,0.158299562,9.105705261230469
"farmer, S = 100","LShaped.jl, single-cut, trust region",converged,-110911.43134446445,4.544327526050995e-7,32,21,0.240331855,14.237724304199219
"farmer, S = 100","LShaped.jl, 10 clusters",converged,-110911.4817462744,0.0,11,86,0.110151773,6.122245788574219
"farmer, S = 100","LShaped.jl, multi-cut",converged,-110911.48174627442,2.6240592947187207e-16,7,496,0.090888352,5.922111511230469
"farmer, S = 100","LShaped.jl, multi-cut, trust region",converged,-110911.48174627442,2.6240592947187207e-16,17,396,0.147635379,19.2540283203125
"farmer, S = 100","LShaped.jl, multi-cut, 6 threads",converged,-110911.48174627442,2.6240592947187207e-16,7,496,0.044007933,5.951805114746094
"farmer, S = 100","StochasticPrograms, single-cut",OPTIMAL,-110911.48174627451,1.0496237178874883e-15,23,20,1.292494219,68.79025268554688
"farmer, S = 100","StochasticPrograms, multi-cut",OPTIMAL,-110911.48174627444,3.936088942078081e-16,9,496,0.869585483,48.96367645263672
"farmer, S = 1000","extensive form (HiGHS)",OPTIMAL,-111386.5856052274,0.0,0,0,0.21099509,19.68854522705078
"farmer, S = 1000","LShaped.jl, single-cut",converged,-111386.54032475133,4.065164204971731e-7,22,21,1.735077138,106.92646789550781
"farmer, S = 1000","LShaped.jl, single-cut, drop 5",converged,-111386.54032475133,4.065164204971731e-7,22,21,1.707682249,107.154296875
"farmer, S = 1000","LShaped.jl, single-cut, from x̄",converged,-111386.54359064299,3.771960885832547e-7,21,20,1.673478682,103.064208984375
"farmer, S = 1000","LShaped.jl, single-cut, trust region",converged,-111386.49978492357,7.704725247716567e-7,29,19,1.980952304,129.0510711669922
"farmer, S = 1000","LShaped.jl, 10 clusters",converged,-111386.58531505312,2.605109789692977e-9,19,163,1.508729672,93.70127868652344
"farmer, S = 1000","LShaped.jl, multi-cut",converged,-111386.58560522755,1.3064333689104415e-15,8,4988,1.286883608,102.67937469482422
"farmer, S = 1000","LShaped.jl, multi-cut, trust region",converged,-111386.58529438896,2.7906272473783667e-9,17,3959,1.825832554,781.5845184326172
"farmer, S = 1000","LShaped.jl, multi-cut, 6 threads",converged,-111386.58560522755,1.3064333689104415e-15,8,4988,0.747741628,102.76776885986328
"farmer, S = 1000","StochasticPrograms, single-cut",OPTIMAL,-111386.54032475123,4.0651642141167644e-7,24,22,13.372266343,699.4806594848633
"farmer, S = 1000","StochasticPrograms, multi-cut",OPTIMAL,-111386.58560522753,1.1757900320193973e-15,10,4988,8.915550795,524.9453887939453
"capacity, P = 10, F = 10, S = 100","extensive form (HiGHS)",OPTIMAL,3777.724074284332,0.0,0,0,0.118010847,31.170143127441406
"capacity, P = 10, F = 10, S = 100","LShaped.jl, single-cut",converged,3777.724462739106,1.0282772549619298e-7,71,70,1.196447652,65.44283294677734
"capacity, P = 10, F = 10, S = 100","LShaped.jl, single-cut, drop 5",converged,3777.7243014098876,6.012232531353462e-8,66,65,1.149631773,64.14698028564453
"capacity, P = 10, F = 10, S = 100","LShaped.jl, single-cut, from x̄",converged,3777.72430562016,6.123682503709222e-8,72,71,1.289110121,66.53728485107422
"capacity, P = 10, F = 10, S = 100","LShaped.jl, single-cut, trust region",converged,3777.726180475019,5.575289899115036e-7,74,68,1.25734718,67.27584075927734
"capacity, P = 10, F = 10, S = 100","LShaped.jl, 10 clusters",converged,3777.7240742843337,4.81504039939829e-16,26,235,0.577980189,33.934326171875
"capacity, P = 10, F = 10, S = 100","LShaped.jl, multi-cut",converged,3777.724074284334,6.018800499247863e-16,17,1249,0.457848114,31.147247314453125
"capacity, P = 10, F = 10, S = 100","LShaped.jl, multi-cut, trust region",converged,3777.7240742843337,4.81504039939829e-16,21,1153,0.446645679,48.49170684814453
"capacity, P = 10, F = 10, S = 100","LShaped.jl, multi-cut, 6 threads",converged,3777.724074284334,6.018800499247863e-16,17,1249,0.185306061,31.218902587890625
"capacity, P = 10, F = 10, S = 100","StochasticPrograms, single-cut",OPTIMAL,3777.7254495866455,3.640557877036196e-7,69,67,6.644938268,1143.6935729980469
"capacity, P = 10, F = 10, S = 100","StochasticPrograms, multi-cut",OPTIMAL,3777.7256821120063,4.2560749351139055e-7,17,1268,2.139808868,368.0082550048828
"capacity, P = 20, F = 20, S = 500","extensive form (HiGHS)",OPTIMAL,5650.7682277692475,0.0,0,0,6.88819927,467.85037994384766
"capacity, P = 20, F = 20, S = 500","LShaped.jl, single-cut",converged,5650.768702532616,8.40174909437635e-8,159,158,27.598153046,1142.2178344726562
"capacity, P = 20, F = 20, S = 500","LShaped.jl, single-cut, drop 5",converged,5650.768718862792,8.690739473939649e-8,188,187,32.404215778,1321.8126907348633
"capacity, P = 20, F = 20, S = 500","LShaped.jl, single-cut, from x̄",converged,5650.768665903182,7.753528675909858e-8,150,149,26.940266769,1090.5297775268555
"capacity, P = 20, F = 20, S = 500","LShaped.jl, single-cut, trust region",converged,5650.771677292251,6.104520420578552e-7,140,134,23.766253853,1024.9747924804688
"capacity, P = 20, F = 20, S = 500","LShaped.jl, 10 clusters",converged,5650.768431001283,3.596538154718752e-8,68,631,14.318459377,608.8860244750977
"capacity, P = 20, F = 20, S = 500","LShaped.jl, multi-cut",converged,5650.768227769183,1.1427494673829476e-14,23,9789,8.859607668,403.34082794189453
"capacity, P = 20, F = 20, S = 500","LShaped.jl, multi-cut, trust region",converged,5650.768227769182,1.1588445303038342e-14,25,8077,7.143796893,677.2273788452148
"capacity, P = 20, F = 20, S = 500","LShaped.jl, multi-cut, 6 threads",converged,5650.768227769183,1.1427494673829476e-14,23,9789,4.514003809,403.50732421875
"capacity, P = 20, F = 20, S = 500","StochasticPrograms, single-cut",OPTIMAL,5650.770103178366,3.318856911565082e-7,152,150,179.455060342,42340.24929046631
"capacity, P = 20, F = 20, S = 500","StochasticPrograms, multi-cut",OPTIMAL,5650.768722375964,8.75291104842375e-8,21,8582,35.159960529,7048.066543579102
"capacity, no shortage, P = 10, F = 10, S = 100","extensive form (HiGHS)",OPTIMAL,3887.7212276663663,0.0,0,0,0.102135502,25.1256103515625
"capacity, no shortage, P = 10, F = 10, S = 100","LShaped.jl, single-cut",converged,3887.7212480315548,5.238335584014442e-9,57,155,1.056444508,69.58506774902344
"capacity, no shortage, P = 10, F = 10, S = 100","LShaped.jl, single-cut, drop 5",converged,3887.7212480315548,5.238335584014442e-9,57,155,1.086720483,71.51215362548828
"capacity, no shortage, P = 10, F = 10, S = 100","LShaped.jl, single-cut, from x̄",converged,3887.7212480315557,5.23833581795475e-9,57,106,1.070811929,62.43431854248047
"capacity, no shortage, P = 10, F = 10, S = 100","LShaped.jl, single-cut, trust region",converged,3887.723281865625,5.283813159984516e-7,45,143,0.896253465,60.811378479003906
"capacity, no shortage, P = 10, F = 10, S = 100","LShaped.jl, 10 clusters",converged,3887.721260561153,8.461199968073923e-9,24,295,0.637368036,46.41095733642578
"capacity, no shortage, P = 10, F = 10, S = 100","LShaped.jl, multi-cut",converged,3887.7212276663636,7.018209242735693e-16,17,1303,0.579715135,45.02116394042969
"capacity, no shortage, P = 10, F = 10, S = 100","LShaped.jl, multi-cut, trust region",converged,3887.7212276663636,7.018209242735693e-16,15,1065,0.495534753,51.17668914794922
"capacity, no shortage, P = 10, F = 10, S = 100","LShaped.jl, multi-cut, 6 threads",converged,3887.7212276663636,7.018209242735693e-16,17,1303,0.221706236,45.09281921386719
"capacity, no shortage, P = 10, F = 10, S = 100","StochasticPrograms, single-cut",OPTIMAL,3887.7226257472676,3.596144937822394e-7,51,148,4.893211923,793.4222259521484
"capacity, no shortage, P = 10, F = 10, S = 100","StochasticPrograms, multi-cut",OPTIMAL,3887.7212522150617,6.3144176053067634e-9,17,1249,2.046529196,329.87657928466797
"capacity, no shortage, P = 20, F = 20, S = 200","extensive form (HiGHS)",OPTIMAL,5632.5076925349385,0.0,0,0,1.210890889,177.18478393554688
"capacity, no shortage, P = 20, F = 20, S = 200","LShaped.jl, single-cut",converged,5632.508190802023,8.84627436954553e-8,131,329,9.517875184,473.1428985595703
"capacity, no shortage, P = 20, F = 20, S = 200","LShaped.jl, single-cut, drop 5",converged,5632.5083665132115,1.1965865113051828e-7,146,344,10.211874185,516.5935134887695
"capacity, no shortage, P = 20, F = 20, S = 200","LShaped.jl, single-cut, from x̄",converged,5632.508190802011,8.846274159631373e-8,131,230,9.490585542,433.09021759033203
"capacity, no shortage, P = 20, F = 20, S = 200","LShaped.jl, single-cut, trust region",converged,5632.510452762301,4.900530124118455e-7,119,317,8.584417731,444.24430084228516
"capacity, no shortage, P = 20, F = 20, S = 200","LShaped.jl, 10 clusters",converged,5632.507880739687,3.341402416640779e-8,59,726,5.51016578,305.2193069458008
"capacity, no shortage, P = 20, F = 20, S = 200","LShaped.jl, multi-cut",converged,5632.507692534947,1.4532518662699686e-15,27,4578,4.021920351,252.17932891845703
"capacity, no shortage, P = 20, F = 20, S = 200","LShaped.jl, multi-cut, trust region",converged,5632.5087076005075,1.8021556726520673e-7,22,3773,3.27012553,274.3319778442383
"capacity, no shortage, P = 20, F = 20, S = 200","LShaped.jl, multi-cut, 6 threads",converged,5632.507692534947,1.4532518662699686e-15,27,4578,1.576528509,252.31189727783203
"capacity, no shortage, P = 20, F = 20, S = 200","StochasticPrograms, single-cut",OPTIMAL,5632.509741333552,3.6374537326373446e-7,132,329,60.602127542,14072.989891052246
"capacity, no shortage, P = 20, F = 20, S = 200","StochasticPrograms, multi-cut",OPTIMAL,5632.510150877733,4.364561806299828e-7,23,3801,13.513907003,2838.5648651123047
