family,cores,scenarios,method,status,objective,iterations,time_s,memory_MB
capacity,1,500,extensive,OPTIMAL,5650.7682,0,8.67,224
capacity,1,500,extensive-ipm,OPTIMAL,5650.7682,0,36.51,513
capacity,1,500,multicut,converged,5650.7682,23,9.22,362
capacity,1,1000,extensive,OPTIMAL,5663.3863,0,27.29,576
capacity,1,1000,extensive-ipm,OPTIMAL,5663.3863,0,84.51,1378
capacity,1,1000,multicut,converged,5663.3863,24,22.97,767
capacity,1,2000,extensive,OPTIMAL,5682.8564,0,87.75,1289
capacity,1,2000,extensive-ipm,OPTIMAL,5682.8564,0,436.77,2107
capacity,1,2000,multicut,converged,5682.8564,26,72.28,1448
capacity,1,4000,extensive,OPTIMAL,5679.2595,0,436.72,2515
capacity,1,4000,extensive-ipm,OPTIMAL,5679.2595,0,844.87,4224
capacity,1,4000,multicut,converged,5679.2595,24,282.66,2771
capacity,1,8000,extensive,time,NaN,0,NaN,NaN
capacity,1,8000,extensive-ipm,time,NaN,0,NaN,NaN
capacity,1,8000,multicut,time,NaN,0,NaN,NaN
capacity,6,500,extensive,OPTIMAL,5650.7682,0,7.00,262
capacity,6,500,extensive-ipm,OPTIMAL,5650.7682,0,32.20,591
capacity,6,500,multicut,converged,5650.7682,23,4.29,384
capacity,6,1000,extensive,OPTIMAL,5663.3863,0,24.80,490
capacity,6,1000,extensive-ipm,OPTIMAL,5663.3863,0,83.03,1587
capacity,6,1000,multicut,converged,5663.3863,24,14.23,702
capacity,6,2000,extensive,OPTIMAL,5682.8564,0,91.72,1262
capacity,6,2000,extensive-ipm,OPTIMAL,5682.8564,0,403.18,2432
capacity,6,2000,multicut,converged,5682.8564,26,59.33,1453
capacity,6,4000,extensive,OPTIMAL,5679.2595,0,423.17,2593
capacity,6,4000,extensive-ipm,OPTIMAL,5679.2595,0,852.21,4603
capacity,6,4000,multicut,converged,5679.2595,24,216.35,2807
capacity,6,8000,extensive,time,NaN,0,NaN,NaN
capacity,6,8000,extensive-ipm,time,NaN,0,NaN,NaN
capacity,6,8000,multicut,time,NaN,0,NaN,NaN
storm,1,250,extensive,OPTIMAL,1.5517162792022236e7,0,10.341345904,556.81640625
storm,1,250,multicut,converged,1.5517162792022666e7,15,9.729059282,489.3984375
storm,1,500,extensive,OPTIMAL,1.5528292813782034e7,0,29.103705191,1117.05078125
storm,1,500,multicut,converged,1.5528292813781332e7,15,22.508142419,988.6015625
storm,1,1000,extensive,OPTIMAL,1.551388228706057e7,0,94.114207415,2328.87109375
storm,1,1000,multicut,converged,1.5513882287058664e7,15,46.762354689,1979.9375
storm,1,2000,extensive,OPTIMAL,1.5512449096590476e7,0,293.176223777,4290.1640625
storm,1,2000,multicut,converged,1.55124490966e7,16,145.497801259,4003.15234375
storm,1,4000,extensive,time,NaN,0,NaN,NaN
storm,1,4000,multicut,converged,1.5510556680344e7,15,490.381044857,7686.7734375
storm,6,250,extensive,OPTIMAL,1.5517162792022236e7,0,9.841919464,549.375
storm,6,250,multicut,converged,1.5517162792022666e7,15,4.387619592,496.30078125
storm,6,500,extensive,OPTIMAL,1.5528292813782034e7,0,26.025646858,1154.5078125
storm,6,500,multicut,converged,1.5528292813781332e7,15,11.693842425,993.61328125
storm,6,1000,extensive,OPTIMAL,1.551388228706057e7,0,92.98086903,2235.171875
storm,6,1000,multicut,converged,1.5513882287058664e7,15,38.434033708,2055.5390625
storm,6,2000,extensive,OPTIMAL,1.5512449096590476e7,0,297.622591034,4572.0625
storm,6,2000,multicut,converged,1.55124490966e7,16,105.949143743,4014.6015625
storm,6,4000,extensive,time,NaN,0,NaN,NaN
storm,6,4000,multicut,converged,1.5510556680344e7,15,373.619132106,7877.06640625
ssn,1,250,extensive,OPTIMAL,8.846763940000022,0,20.075195156,285.359375
ssn,1,250,multicut,converged,8.846763939999999,29,11.378594848,321.6171875
ssn,1,500,extensive,OPTIMAL,9.153776120000005,0,56.488404303,567.890625
ssn,1,500,multicut,converged,9.153776119999998,26,23.625181086,678.90234375
ssn,1,1000,extensive,OPTIMAL,9.940757022500048,0,223.875501345,1220.57421875
ssn,1,1000,multicut,converged,9.940757022499993,24,52.379918313,1331.57421875
ssn,1,2000,extensive,time,NaN,0,NaN,NaN
ssn,1,2000,multicut,converged,9.98817855249999,24,138.094559023,2625.03125
ssn,6,250,extensive,OPTIMAL,8.846763940000022,0,18.921178846,289.8203125
ssn,6,250,multicut,converged,8.846763939999999,29,4.527949429,316.48828125
ssn,6,500,extensive,OPTIMAL,9.153776120000005,0,53.637083348,563.41796875
ssn,6,500,multicut,converged,9.153776119999998,26,11.414944333,722.3515625
ssn,6,1000,extensive,OPTIMAL,9.940757022500048,0,243.872614557,1169.55859375
ssn,6,1000,multicut,converged,9.940757022499993,24,27.603464647,1356.58984375
ssn,6,2000,extensive,time,NaN,0,NaN,NaN
ssn,6,2000,multicut,converged,9.98817855249999,24,100.839726882,2695.7578125
